template_id,entity_name,status,google_id,link,database_map,Comment
A,Asset,üü¢ Active,167oP9qIlJ0_9Y5B5K9HzavFlAz_90OPLxQyn4JJ5cx4,https://docs.google.com/spreadsheets/d/167oP9qIlJ0_9Y5B5K9HzavFlAz_90OPLxQyn4JJ5cx4/edit,"[{""name"":""uuid"",""type"":""string""},{""name"":""aaid"",""type"":""string""},{""name"":""owner_aid"",""type"":""string""},{""name"":""number"",""type"":""string""},{""name"":""title"",""type"":""string""},{""name"":""url"",""type"":""string""},{""name"":""type_name"",""type"":""string""},{""name"":""status_name"",""type"":""string""},{""name"":""version"",""type"":""string""},{""name"":""order"",""type"":""integer""},{""name"":""xaid"",""type"":""string""},{""name"":""created_at"",""type"":""string""},{""name"":""updated_at"",""type"":""string""},{""name"":""deleted_at"",""type"":""string""},{""name"":""gin"",""type"":""jsonb""},{""name"":""fts"",""type"":""tsvector""},{""name"":""data_in"",""type"":""jsonb""},{""name"":""data_out"",""type"":""jsonb""}]","–•—Ä–∞–Ω–∏—Ç –º–µ—Ç–∞–¥–∞–Ω–Ω—ã–µ –æ —Ü–∏—Ñ—Ä–æ–≤—ã—Ö –∞–∫—Ç–∏–≤–∞—Ö (—Å–æ—Ü–∏–∞–ª—å–Ω—ã–µ —Å–µ—Ç–∏, —Å–∞–π—Ç—ã, –±–æ—Ç—ã) –∏ –¥–æ–∫—É–º–µ–Ω—Ç–∞—Ö (–¥–æ–≥–æ–≤–æ—Ä—ã, –∞–∫—Ç—ã, –∏–Ω—Å—Ç—Ä—É–∫—Ü–∏–∏). –≠—Ç–æ ""–∫–∞—Ä—Ç–æ—á–∫–∞"" –∞–∫—Ç–∏–≤–∞ –∏–ª–∏ –¥–æ–∫—É–º–µ–Ω—Ç–∞, –Ω–æ –Ω–µ —Å–∞–º —Ñ–∞–π–ª. –°–æ–¥–µ—Ä–∂–∏—Ç –Ω–æ–º–µ—Ä, –Ω–∞–∑–≤–∞–Ω–∏–µ, —Å—Ç–∞—Ç—É—Å –∏ –≤–µ—Ä—Å–∏—é. –°–≤—è–∑—å —Å —Ñ–∞–π–ª–æ–º –æ—Å—É—â–µ—Å—Ç–≤–ª—è–µ—Ç—Å—è —á–µ—Ä–µ–∑ url."
AV,Asset Variant,üü¢ Active,17CBmeeRTKca6pqtwyYIiUpBY3ASOORQMmqsC4JfRX2E,https://docs.google.com/spreadsheets/d/17CBmeeRTKca6pqtwyYIiUpBY3ASOORQMmqsC4JfRX2E/edit,"[{""name"":""uuid"",""type"":""string""},{""name"":""aaid"",""type"":""string""},{""name"":""full_aaid"",""type"":""string""},{""name"":""number"",""type"":""string""},{""name"":""title"",""type"":""string""},{""name"":""media_id"",""type"":""string""},{""name"":""version"",""type"":""string""},{""name"":""order"",""type"":""integer""},{""name"":""xaid"",""type"":""string""},{""name"":""created_at"",""type"":""string""},{""name"":""updated_at"",""type"":""string""},{""name"":""gin"",""type"":""jsonb""},{""name"":""fts"",""type"":""tsvector""},{""name"":""data_in"",""type"":""jsonb""},{""name"":""data_out"",""type"":""jsonb""}]","–¢–∞–±–ª–∏—Ü–∞ –≤–µ—Ä—Å–∏–æ–Ω–Ω–æ—Å—Ç–∏ –¥–ª—è —Ü–∏—Ñ—Ä–æ–≤—ã—Ö –∞–∫—Ç–∏–≤–æ–≤ –∏ –¥–æ–∫—É–º–µ–Ω—Ç–æ–≤. –ö–∞–∂–¥–∞—è –∑–∞–ø–∏—Å—å –∑–¥–µ—Å—å ‚Äî —ç—Ç–æ –∫–æ–Ω–∫—Ä–µ—Ç–Ω–∞—è –≤–µ—Ä—Å–∏—è (version) –∞–∫—Ç–∏–≤–∞ –∏–ª–∏ –¥–æ–∫—É–º–µ–Ω—Ç–∞ –∏–∑ —Ç–∞–±–ª–∏—Ü—ã Asset, —Å–æ —Å—Å—ã–ª–∫–æ–π –Ω–∞ —Å–≤–æ–π —Ñ–∏–∑–∏—á–µ—Å–∫–∏–π —Ñ–∞–π–ª (media_id). –ü–æ–∑–≤–æ–ª—è–µ—Ç –æ—Ç—Å–ª–µ–∂–∏–≤–∞—Ç—å –∏—Å—Ç–æ—Ä–∏—é –∏–∑–º–µ–Ω–µ–Ω–∏–π."
B,Base,üü¢ Active,14j6ZBsiBPabGpZs_LwaGBzo6DbEHNJLoqjroaWmaADw,https://docs.google.com/spreadsheets/d/14j6ZBsiBPabGpZs_LwaGBzo6DbEHNJLoqjroaWmaADw/edit,"[{""name"":""uuid"",""type"":""string""},{""name"":""baid"",""type"":""string""},{""name"":""full_baid"",""type"":""string""},{""name"":""number"",""type"":""string""},{""name"":""title"",""type"":""string""},{""name"":""laid_from"",""type"":""string""},{""name"":""laid_to"",""type"":""string""},{""name"":""cycle"",""type"":""jsonb""},{""name"":""status_name"",""type"":""string""},{""name"":""order"",""type"":""integer""},{""name"":""xaid"",""type"":""string""},{""name"":""created_at"",""type"":""string""},{""name"":""updated_at"",""type"":""string""},{""name"":""deleted_at"",""type"":""string""},{""name"":""gin"",""type"":""jsonb""},{""name"":""fts"",""type"":""tsvector""},{""name"":""data_in"",""type"":""jsonb""},{""name"":""data_out"",""type"":""jsonb""}]","–§–∞–∫—Ç –≤–Ω—É—Ç—Ä–µ–Ω–Ω–µ–≥–æ –ø–µ—Ä–µ–º–µ—â–µ–Ω–∏—è —Ç–æ–≤–∞—Ä–æ–≤. –≠—Ç–æ –æ—Å–Ω–æ–≤–Ω–∞—è —Ç—Ä–∞–Ω–∑–∞–∫—Ü–∏–æ–Ω–Ω–∞—è —Ç–∞–±–ª–∏—Ü–∞ —Å–∫–ª–∞–¥–∞. –ö–∞–∂–¥–∞—è –∑–∞–ø–∏—Å—å ‚Äî —ç—Ç–æ –æ–ø–µ—Ä–∞—Ü–∏—è: ""–ü—Ä–∏–µ–º–∫–∞ —Ç–æ–≤–∞—Ä–∞ –æ—Ç –ø–æ—Å—Ç–∞–≤—â–∏–∫–∞"", ""–ü–µ—Ä–µ–º–µ—â–µ–Ω–∏–µ –º–µ–∂–¥—É —Å–∫–ª–∞–¥–∞–º–∏"", ""–°–ø–∏—Å–∞–Ω–∏–µ"". –ü–æ–ª—è laid_from –∏ laid_to —É–∫–∞–∑—ã–≤–∞—é—Ç, –∏–∑ –∫–∞–∫–æ–π –ª–æ–∫–∞—Ü–∏–∏ (L-) –∏ –≤ –∫–∞–∫—É—é –ø–µ—Ä–µ–º–µ—â–∞—é—Ç—Å—è –∞–∫—Ç–∏–≤—ã."
BM,Base Move,üü¢ Active,1e1KJ0PDfqhdGogSLEauPJchfKieHmEzxZmEbmSRKR38,https://docs.google.com/spreadsheets/d/1e1KJ0PDfqhdGogSLEauPJchfKieHmEzxZmEbmSRKR38/edit,"[{""name"":""uuid"",""type"":""string""},{""name"":""baid"",""type"":""string""},{""name"":""full_baid"",""type"":""string""},{""name"":""full_daid"",""type"":""string""},{""name"":""number"",""type"":""string""},{""name"":""title"",""type"":""string""},{""name"":""laid_from"",""type"":""string""},{""name"":""laid_to"",""type"":""string""},{""name"":""cycle"",""type"":""jsonb""},{""name"":""status_name"",""type"":""string""},{""name"":""order"",""type"":""integer""},{""name"":""xaid"",""type"":""string""},{""name"":""created_at"",""type"":""string""},{""name"":""updated_at"",""type"":""string""},{""name"":""deleted_at"",""type"":""string""},{""name"":""gin"",""type"":""jsonb""},{""name"":""fts"",""type"":""tsvector""},{""name"":""data_in"",""type"":""jsonb""},{""name"":""data_out"",""type"":""jsonb""}]","–§–∞–∫—Ç –ª–æ–≥–∏—Å—Ç–∏—á–µ—Å–∫–æ–π –æ–ø–µ—Ä–∞—Ü–∏–∏ –∏–ª–∏ –ø–µ—Ä–µ–≤–æ–∑–∫–∏. –≠—Ç–æ –∫–æ–Ω–∫—Ä–µ—Ç–Ω—ã–π —ç–∫–∑–µ–º–ø–ª—è—Ä, —Å–æ–∑–¥–∞–Ω–Ω—ã–π –ø–æ —à–∞–±–ª–æ–Ω—É –∏–∑ Base. –ù–∞–ø—Ä–∏–º–µ—Ä, ""–†–µ–π—Å ‚Ññ451 –æ—Ç 20.08.2024"". –°–≤—è–∑–∞–Ω —Å–æ —Å–¥–µ–ª–∫–æ–π (full_daid), —á—Ç–æ–±—ã –ø–æ–Ω–∏–º–∞—Ç—å, –≤ —Ä–∞–º–∫–∞—Ö –∫–∞–∫–æ–≥–æ –∑–∞–∫–∞–∑–∞ –ø—Ä–æ–∏—Å—Ö–æ–¥–∏—Ç –¥–≤–∏–∂–µ–Ω–∏–µ."
BMR,Base Move Rout,üü¢ Active,1D5i2ltMLVSQrLtoQxWOFZfz4VDNpjJCFA5SgVVYOMVI,https://docs.google.com/spreadsheets/d/1D5i2ltMLVSQrLtoQxWOFZfz4VDNpjJCFA5SgVVYOMVI/edit,"[{""name"":""uuid"",""type"":""string""},{""name"":""full_baid"",""type"":""string""},{""name"":""index"",""type"":""string""},{""name"":""city"",""type"":""string""},{""name"":""laid_id"",""type"":""string""},{""name"":""status_name"",""type"":""string""},{""name"":""order"",""type"":""integer""},{""name"":""created_at"",""type"":""string""},{""name"":""updated_at"",""type"":""string""},{""name"":""deleted_at"",""type"":""string""},{""name"":""data_in"",""type"":""jsonb""}]","–¢–∞–±–ª–∏—Ü–∞ –¥–ª—è –¥–µ—Ç–∞–ª–∏–∑–∞—Ü–∏–∏ –º–∞—Ä—à—Ä—É—Ç–æ–≤. –•—Ä–∞–Ω–∏—Ç –æ—Ç–¥–µ–ª—å–Ω—ã–µ –ø—É—Ç–µ–≤—ã–µ —Ç–æ—á–∫–∏ –∏–ª–∏ ""–æ—Å—Ç–∞–Ω–æ–≤–∫–∏"" –¥–ª—è –∫–æ–Ω–∫—Ä–µ—Ç–Ω–æ–≥–æ –º–∞—Ä—à—Ä—É—Ç–∞ –∏–∑ —Ç–∞–±–ª–∏—Ü—ã Base. –ü–æ–∑–≤–æ–ª—è–µ—Ç –≤—ã—Å—Ç—Ä–∞–∏–≤–∞—Ç—å —Å–ª–æ–∂–Ω—ã–µ, –º–Ω–æ–≥–æ—à–∞–≥–æ–≤—ã–µ –º–∞—Ä—à—Ä—É—Ç—ã."
C,Contractor,üü¢ Active,1QskOo6UEPcYapp-YO-FiMWnDACc_JZkiQws2g8qUNxI,https://docs.google.com/spreadsheets/d/1QskOo6UEPcYapp-YO-FiMWnDACc_JZkiQws2g8qUNxI/edit,"[{""name"":""uuid"",""type"":""string""},{""name"":""caid"",""type"":""string""},{""name"":""title"",""type"":""string""},{""name"":""reg"",""type"":""string""},{""name"":""tin"",""type"":""string""},{""name"":""status_name"",""type"":""string""},{""name"":""type"",""type"":""string""},{""name"":""city_name"",""type"":""string""},{""name"":""order"",""type"":""integer""},{""name"":""xaid"",""type"":""string""},{""name"":""created_at"",""type"":""string""},{""name"":""updated_at"",""type"":""string""},{""name"":""deleted_at"",""type"":""string""},{""name"":""media_id"",""type"":""string""},{""name"":""gin"",""type"":""jsonb""},{""name"":""fts"",""type"":""tsvector""},{""name"":""data_in"",""type"":""jsonb""},{""name"":""data_out"",""type"":""jsonb""}]","–†–µ–µ—Å—Ç—Ä —é—Ä–∏–¥–∏—á–µ—Å–∫–∏—Ö –ª–∏—Ü. –•—Ä–∞–Ω–∏—Ç –≤—Å—é –æ—Ñ–∏—Ü–∏–∞–ª—å–Ω—É—é –∏–Ω—Ñ–æ—Ä–º–∞—Ü–∏—é –æ –∫–æ–º–ø–∞–Ω–∏—è—Ö-–∫–ª–∏–µ–Ω—Ç–∞—Ö, –ø–∞—Ä—Ç–Ω–µ—Ä–∞—Ö –∏–ª–∏ –ø–æ—Å—Ç–∞–≤—â–∏–∫–∞—Ö: —é—Ä–∏–¥–∏—á–µ—Å–∫–æ–µ –Ω–∞–∑–≤–∞–Ω–∏–µ, –ò–ù–ù/TIN, —Ä–µ–≥–∏—Å—Ç—Ä–∞—Ü–∏–æ–Ω–Ω—ã–µ –¥–∞–Ω–Ω—ã–µ."
D,Deal,üü¢ Active,142LuQdv7V6j_y78Cg1Ffs-5r7DaLGfLlQ0Me-mAGQGw,https://docs.google.com/spreadsheets/d/142LuQdv7V6j_y78Cg1Ffs-5r7DaLGfLlQ0Me-mAGQGw/edit,"[{""name"":""uuid"",""type"":""string""},{""name"":""daid"",""type"":""string""},{""name"":""full_daid"",""type"":""string""},{""name"":""client_aid"",""type"":""string""},{""name"":""title"",""type"":""string""},{""name"":""cycle"",""type"":""jsonb""},{""name"":""status_name"",""type"":""string""},{""name"":""xaid"",""type"":""string""},{""name"":""created_at"",""type"":""string""},{""name"":""updated_at"",""type"":""string""},{""name"":""deleted_at"",""type"":""string""},{""name"":""gin"",""type"":""jsonb""},{""name"":""fts"",""type"":""tsvector""},{""name"":""data_in"",""type"":""jsonb""},{""name"":""data_out"",""type"":""jsonb""}]","–¶–µ–Ω—Ç—Ä–∞–ª—å–Ω–∞—è —Å—É—â–Ω–æ—Å—Ç—å CRM. –û—Ç—Ä–∞–∂–∞–µ—Ç —Ñ–∞–∫—Ç –ø—Ä–æ–¥–∞–∂–∏ –∏–ª–∏ –ª—é–±–æ–≥–æ –¥—Ä—É–≥–æ–≥–æ –∫–æ–º–º–µ—Ä—á–µ—Å–∫–æ–≥–æ –≤–∑–∞–∏–º–æ–¥–µ–π—Å—Ç–≤–∏—è —Å –∫–ª–∏–µ–Ω—Ç–æ–º. –°–æ–¥–µ—Ä–∂–∏—Ç —Å—É–º–º—É, —Å—Ç–∞—Ç—É—Å (—ç—Ç–∞–ø –≤–æ—Ä–æ–Ω–∫–∏) –∏ —Å—Å—ã–ª–∫—É –Ω–∞ –∫–ª–∏–µ–Ω—Ç–∞ (client_aid, –∫–æ—Ç–æ—Ä—ã–π –º–æ–∂–µ—Ç –±—ã—Ç—å –∫–∞–∫ H- —Ç–∞–∫ –∏ C-). –ü–æ–ª–µ cycle –ø–æ–∑–≤–æ–ª—è–µ—Ç —Å–æ–∑–¥–∞–≤–∞—Ç—å —Ä–µ–∫—É—Ä—Ä–µ–Ω—Ç–Ω—ã–µ (–ø–æ–≤—Ç–æ—Ä—è—é—â–∏–µ—Å—è) —Å–¥–µ–ª–∫–∏."
E,Employee,üü¢ Active,1kXsSCnwTV2MM83bJkT8M1Sd6FDJjk654x--1CNnSeGw,https://docs.google.com/spreadsheets/d/1kXsSCnwTV2MM83bJkT8M1Sd6FDJjk654x--1CNnSeGw/edit,"[{""name"":""uuid"",""type"":""string""},{""name"":""eaid"",""type"":""string""},{""name"":""full_eaid"",""type"":""string""},{""name"":""haid"",""type"":""string""},{""name"":""email"",""type"":""string""},{""name"":""status_name"",""type"":""string""},{""name"":""is_public"",""type"":""boolean""},{""name"":""order"",""type"":""integer""},{""name"":""xaid"",""type"":""string""},{""name"":""created_at"",""type"":""string""},{""name"":""updated_at"",""type"":""string""},{""name"":""deleted_at"",""type"":""string""},{""name"":""media_id"",""type"":""string""},{""name"":""gin"",""type"":""jsonb""},{""name"":""fts"",""type"":""tsvector""},{""name"":""data_in"",""type"":""jsonb""},{""name"":""data_out"",""type"":""jsonb""}]","–°–≤—è–∑—É—é—â–∞—è —Ç–∞–±–ª–∏—Ü–∞, –∫–æ—Ç–æ—Ä–∞—è ""–Ω–∞–∑–Ω–∞—á–∞–µ—Ç"" —Ä–µ–∞–ª—å–Ω–æ–≥–æ —á–µ–ª–æ–≤–µ–∫–∞ (—Å—Å—ã–ª–∫–∞ –Ω–∞ haid –∏–∑ —Ç–∞–±–ª–∏—Ü—ã Human) –Ω–∞ –¥–æ–ª–∂–Ω–æ—Å—Ç—å (—Å—Å—ã–ª–∫–∞ –Ω–∞ eaid –∏–∑ —Ç–∞–±–ª–∏—Ü—ã Echelon). –ò–º–µ–Ω–Ω–æ –∑–¥–µ—Å—å –æ—Ä–≥–∞–Ω–∏–∑–∞—Ü–∏–æ–Ω–Ω–∞—è —Å—Ç—Ä—É–∫—Ç—É—Ä–∞ —Å–æ–µ–¥–∏–Ω—è–µ—Ç—Å—è —Å —Ñ–∞–∫—Ç–∏—á–µ—Å–∫–∏–º–∏ —Å–æ—Ç—Ä—É–¥–Ω–∏–∫–∞–º–∏."
EE,Employee Echelon,üü¢ Active,1G9oWvl3po7dADHAKSG2k-h5NWsfW2tSN6fdYAa4eiJc,https://docs.google.com/spreadsheets/d/1G9oWvl3po7dADHAKSG2k-h5NWsfW2tSN6fdYAa4eiJc/edit,"[{""name"":""uuid"",""type"":""string""},{""name"":""eaid"",""type"":""string""},{""name"":""parent_eaid"",""type"":""string""},{""name"":""department_id"",""type"":""string""},{""name"":""position"",""type"":""string""},{""name"":""city_name"",""type"":""string""},{""name"":""status_name"",""type"":""string""},{""name"":""order"",""type"":""integer""},{""name"":""xaid"",""type"":""string""},{""name"":""created_at"",""type"":""string""},{""name"":""updated_at"",""type"":""string""},{""name"":""data_in"",""type"":""jsonb""}]","–û–ø–∏—Å—ã–≤–∞–µ—Ç –æ—Ä–≥–∞–Ω–∏–∑–∞—Ü–∏–æ–Ω–Ω—É—é —Å—Ç—Ä—É–∫—Ç—É—Ä—É –∫–æ–º–ø–∞–Ω–∏–∏. –ö–∞–∂–¥–∞—è –∑–∞–ø–∏—Å—å ‚Äî —ç—Ç–æ –Ω–µ —Å–æ—Ç—Ä—É–¥–Ω–∏–∫, –∞ –¥–æ–ª–∂–Ω–æ—Å—Ç—å –≤ –∏–µ—Ä–∞—Ä—Ö–∏–∏ (–Ω–∞–ø—Ä–∏–º–µ—Ä, ""–í–µ–¥—É—â–∏–π —Ä–∞–∑—Ä–∞–±–æ—Ç—á–∏–∫ –≤ –æ—Ç–¥–µ–ª–µ Web-—Ä–∞–∑—Ä–∞–±–æ—Ç–∫–∏""). –ü–æ–ª–µ parent_eaid –ø–æ–∑–≤–æ–ª—è–µ—Ç –≤—ã—Å—Ç—Ä–∞–∏–≤–∞—Ç—å –¥–µ—Ä–µ–≤–æ –ø–æ–¥—á–∏–Ω–µ–Ω–Ω–æ—Å—Ç–∏."
ET,Employee Timesheet,üü¢ Active,1RBAytBHptsHcnywwJFx8q7aIbI6ZCqx_rxXTU7uPzaI,https://docs.google.com/spreadsheets/d/1RBAytBHptsHcnywwJFx8q7aIbI6ZCqx_rxXTU7uPzaI/edit,"[{""name"":""uuid"",""type"":""string""},{""name"":""etaid"",""type"":""string""},{""name"":""full_eaid"",""type"":""string""},{""name"":""order"",""type"":""integer""},{""name"":""xaid"",""type"":""string""},{""name"":""started_at"",""type"":""string""},{""name"":""ended_at"",""type"":""string""},{""name"":""duration"",""type"":""integer""},{""name"":""data_in"",""type"":""jsonb""}]","–•—Ä–∞–Ω–∏—Ç –∑–∞–ø–∏—Å–∏ –æ –≤—Ä–µ–º–µ–Ω–∏, –∫–æ—Ç–æ—Ä–æ–µ —Å–æ—Ç—Ä—É–¥–Ω–∏–∫ –ø–æ—Ç—Ä–∞—Ç–∏–ª –Ω–∞ –≤—ã–ø–æ–ª–Ω–µ–Ω–∏–µ —Ä–∞–±–æ—Ç—ã. –û—Å–Ω–æ–≤–∞ –¥–ª—è —Ä–∞—Å—á–µ—Ç–∞ –∑–∞—Ä–ø–ª–∞—Ç—ã –∏ –∞–Ω–∞–ª–∏–∑–∞ —Ä–µ–Ω—Ç–∞–±–µ–ª—å–Ω–æ—Å—Ç–∏ –ø—Ä–æ–µ–∫—Ç–æ–≤."
EL,Employee Leave,üü¢ Active,1T6_wlSN6DlC8aIUOEErjuYFfcjdERRDABDl04jW6cQk,https://docs.google.com/spreadsheets/d/1T6_wlSN6DlC8aIUOEErjuYFfcjdERRDABDl04jW6cQk/edit,"[{""name"":""uuid"",""type"":""string""},{""name"":""elaid"",""type"":""string""},{""name"":""full_eaid"",""type"":""string""},{""name"":""type"",""type"":""string""},{""name"":""order"",""type"":""integer""},{""name"":""xaid"",""type"":""string""},{""name"":""started_at"",""type"":""string""},{""name"":""ended_at"",""type"":""string""},{""name"":""duration"",""type"":""integer""},{""name"":""data_in"",""type"":""jsonb""}]","–•—Ä–∞–Ω–∏—Ç –∑–∞–ø—Ä–æ—Å—ã —Å–æ—Ç—Ä—É–¥–Ω–∏–∫–æ–≤ –Ω–∞ –æ—Ç–ø—É—Å–∫, –±–æ–ª—å–Ω–∏—á–Ω—ã–π, –æ—Ç–≥—É–ª –∏ —Ç.–¥., –∞ —Ç–∞–∫–∂–µ –∏—Å—Ç–æ—Ä–∏—é –∏—Ö —É—Ç–≤–µ—Ä–∂–¥–µ–Ω–∏—è."
F,Finance,üü¢ Active,1Mois8xoEaE-eJSYLcgHe01iWvmvmg_9x4tEa7lcujmo,https://docs.google.com/spreadsheets/d/1Mois8xoEaE-eJSYLcgHe01iWvmvmg_9x4tEa7lcujmo/edit,"[{""name"":""uuid"",""type"":""string""},{""name"":""faid"",""type"":""string""},{""name"":""full_daid"",""type"":""string""},{""name"":""title"",""type"":""string""},{""name"":""sum"",""type"":""integer""},{""name"":""currency_id"",""type"":""string""},{""name"":""cycle"",""type"":""jsonb""},{""name"":""type"",""type"":""string""},{""name"":""status_name"",""type"":""string""},{""name"":""order"",""type"":""integer""},{""name"":""xaid"",""type"":""string""},{""name"":""created_at"",""type"":""string""},{""name"":""updated_at"",""type"":""string""},{""name"":""deleted_at"",""type"":""string""},{""name"":""gin"",""type"":""jsonb""},{""name"":""fts"",""type"":""tsvector""},{""name"":""data_in"",""type"":""jsonb""},{""name"":""data_out"",""type"":""jsonb""}]","–£—á–µ—Ç —Ñ–∏–Ω–∞–Ω—Å–æ–≤—ã—Ö –æ–ø–µ—Ä–∞—Ü–∏–π (—Ç—Ä–∞–Ω–∑–∞–∫—Ü–∏–π). –õ—é–±–æ–µ –ø–æ—Å—Ç—É–ø–ª–µ–Ω–∏–µ –∏–ª–∏ —Å–ø–∏—Å–∞–Ω–∏–µ —Å—Ä–µ–¥—Å—Ç–≤. –ó–∞–ø–∏—Å—å —Å–≤—è–∑–∞–Ω–∞ —Å–æ —Å–¥–µ–ª–∫–æ–π (full_daid), —á—Ç–æ–±—ã –º–æ–∂–Ω–æ –±—ã–ª–æ –æ—Ç—Å–ª–µ–∂–∏–≤–∞—Ç—å –æ–ø–ª–∞—Ç—É –ø–æ –∑–∞–∫–∞–∑–∞–º. –ü–æ–ª–µ cycle –ø–æ–∑–≤–æ–ª—è–µ—Ç –ø–ª–∞–Ω–∏—Ä–æ–≤–∞—Ç—å —Ä–µ–≥—É–ª—è—Ä–Ω—ã–µ –ø–ª–∞—Ç–µ–∂–∏."
G,Goal,üü¢ Active,19v2xW4iYgfJ0_fGwmt3D8gs_ETchPaxWNI78fmMTFM4,https://docs.google.com/spreadsheets/d/19v2xW4iYgfJ0_fGwmt3D8gs_ETchPaxWNI78fmMTFM4/edit,"[{""name"":""uuid"",""type"":""string""},{""name"":""gaid"",""type"":""string""},{""name"":""full_gaid"",""type"":""string""},{""name"":""parent_full_gaid"",""type"":""string""},{""name"":""title"",""type"":""string""},{""name"":""cycle"",""type"":""jsonb""},{""name"":""type"",""type"":""string""},{""name"":""status_name"",""type"":""string""},{""name"":""is_public"",""type"":""boolean""},{""name"":""order"",""type"":""integer""},{""name"":""xaid"",""type"":""string""},{""name"":""created_at"",""type"":""string""},{""name"":""updated_at"",""type"":""string""},{""name"":""deleted_at"",""type"":""string""},{""name"":""gin"",""type"":""jsonb""},{""name"":""fts"",""type"":""tsvector""},{""name"":""data_in"",""type"":""jsonb""},{""name"":""data_out"",""type"":""jsonb""}]","–°—É—â–Ω–æ—Å—Ç—å –¥–ª—è –ø–ª–∞–Ω–∏—Ä–æ–≤–∞–Ω–∏—è –∏ –æ—Ç—Å–ª–µ–∂–∏–≤–∞–Ω–∏—è —Ä–∞–±–æ—Ç—ã. –≠—Ç–æ –º–æ–∂–µ—Ç –±—ã—Ç—å –∑–∞–¥–∞—á–∞, –ø—Ä–æ–µ–∫—Ç –∏–ª–∏ —Ç–∏–∫–µ—Ç –≤ —Ç–µ—Ö–ø–æ–¥–¥–µ—Ä–∂–∫—É. –ò–µ—Ä–∞—Ä—Ö–∏—è (parent_full_gaid) –ø–æ–∑–≤–æ–ª—è–µ—Ç —Å–æ–∑–¥–∞–≤–∞—Ç—å –ø–æ–¥–∑–∞–¥–∞—á–∏. –ü–æ–ª–µ cycle –∏—Å–ø–æ–ª—å–∑—É–µ—Ç—Å—è –¥–ª—è —Å–æ–∑–¥–∞–Ω–∏—è –ø–æ–≤—Ç–æ—Ä—è—é—â–∏—Ö—Å—è –∑–∞–¥–∞—á (–Ω–∞–ø—Ä–∏–º–µ—Ä, ""–ü–æ–¥–≥–æ—Ç–æ–≤–∏—Ç—å –µ–∂–µ–Ω–µ–¥–µ–ª—å–Ω—ã–π –æ—Ç—á–µ—Ç"")"
H,Human,üü¢ Active,1rPEJvJBh-tJNB_biW0q_H7ahk632Mhw71FnTypisamA,https://docs.google.com/spreadsheets/d/1rPEJvJBh-tJNB_biW0q_H7ahk632Mhw71FnTypisamA/edit,"[{""name"":""uuid"",""type"":""string""},{""name"":""haid"",""type"":""string""},{""name"":""full_name"",""type"":""string""},{""name"":""birthday"",""type"":""string""},{""name"":""email"",""type"":""string""},{""name"":""status_name"",""type"":""string""},{""name"":""sex"",""type"":""string""},{""name"":""type"",""type"":""string""},{""name"":""city_name"",""type"":""string""},{""name"":""order"",""type"":""integer""},{""name"":""xaid"",""type"":""string""},{""name"":""created_at"",""type"":""string""},{""name"":""updated_at"",""type"":""string""},{""name"":""deleted_at"",""type"":""string""},{""name"":""media_id"",""type"":""string""},{""name"":""gin"",""type"":""jsonb""},{""name"":""fts"",""type"":""tsvector""},{""name"":""data_in"",""type"":""jsonb""},{""name"":""data_out"",""type"":""jsonb""}]","–ï–¥–∏–Ω—ã–π —Ä–µ–µ—Å—Ç—Ä —Ñ–∏–∑–∏—á–µ—Å–∫–∏—Ö –ª–∏—Ü. –≠—Ç–æ –∏ –∫–ª–∏–µ–Ω—Ç—ã, –∏ –∫–æ–Ω—Ç–∞–∫—Ç–Ω—ã–µ –ª–∏—Ü–∞, –∏ —Å–æ—Ç—Ä—É–¥–Ω–∏–∫–∏. –û—Å–Ω–æ–≤–∞ –¥–ª—è –≤—Å–µ—Ö –≤–∑–∞–∏–º–æ–¥–µ–π—Å—Ç–≤–∏–π, –≥–¥–µ —É—á–∞—Å—Ç–≤—É–µ—Ç —á–µ–ª–æ–≤–µ–∫. –°–æ—Ç—Ä—É–¥–Ω–∏–∫–∏ –¥–æ–ø–æ–ª–Ω–∏—Ç–µ–ª—å–Ω–æ —Å–≤—è–∑—ã–≤–∞—é—Ç—Å—è —Å Echelon Employee"
I,Identity,üü¢ Active,1uzmKWiiZd7ro_3dkqW-XFUDnyUgw9-kZikwTRQHzvHs,https://docs.google.com/spreadsheets/d/1uzmKWiiZd7ro_3dkqW-XFUDnyUgw9-kZikwTRQHzvHs/edit,"[{""name"":""uuid"",""type"":""string""},{""name"":""iaid"",""type"":""string""},{""name"":""entity_aid"",""type"":""string""},{""name"":""identity_aid"",""type"":""string""},{""name"":""permission"",""type"":""string""},{""name"":""xaid"",""type"":""string""},{""name"":""created_at"",""type"":""string""},{""name"":""updated_at"",""type"":""string""},{""name"":""data_in"",""type"":""jsonb""}]","–ì–∏–±–∫–∞—è —Å–∏—Å—Ç–µ–º–∞ —É–ø—Ä–∞–≤–ª–µ–Ω–∏—è –ø—Ä–∞–≤–∞–º–∏ –¥–æ—Å—Ç—É–ø–∞ (ACL). –ö–∞–∂–¥–∞—è –∑–∞–ø–∏—Å—å –∑–¥–µ—Å—å ‚Äî —ç—Ç–æ –ø—Ä–∞–≤–∏–ª–æ, –∫–æ—Ç–æ—Ä–æ–µ –¥–∞–µ—Ç –æ–ø—Ä–µ–¥–µ–ª–µ–Ω–Ω–æ–º—É —Å—É–±—ä–µ–∫—Ç—É (identity_aid, –Ω–∞–ø—Ä–∏–º–µ—Ä, –ø–æ–ª—å–∑–æ–≤–∞—Ç–µ–ª—é H- –∏–ª–∏ API-–∫–ª—é—á—É K-) –∫–æ–Ω–∫—Ä–µ—Ç–Ω–æ–µ —Ä–∞–∑—Ä–µ—à–µ–Ω–∏–µ (permission) –Ω–∞ –¥–æ—Å—Ç—É–ø –∫ –æ–±—ä–µ–∫—Ç—É (entity_aid)."
J,Journal,üü¢ Active,1bhMUHsc4yw430eut0YGdO2Q3NGTirMhrXBuM6bemutA,https://docs.google.com/spreadsheets/d/1bhMUHsc4yw430eut0YGdO2Q3NGTirMhrXBuM6bemutA/edit,"[{""name"":""uuid"",""type"":""string""},{""name"":""user_id"",""type"":""bigint""},{""name"":""action"",""type"":""string""},{""name"":""details"",""type"":""jsonb""},{""name"":""xaid"",""type"":""string""},{""name"":""created_at"",""type"":""string""}]","–õ–æ–≥ –¥–µ–π—Å—Ç–≤–∏–π –ø–æ–ª—å–∑–æ–≤–∞—Ç–µ–ª–µ–π. –ó–∞–ø–∏—Å—ã–≤–∞–µ—Ç, –∫—Ç–æ, –∫–æ–≥–¥–∞ –∏ —á—Ç–æ —Å–¥–µ–ª–∞–ª –≤ —Å–∏—Å—Ç–µ–º–µ (–Ω–∞–ø—Ä–∏–º–µ—Ä, ""user.login"", ""page.view"", ""deal.created""). –í–∞–∂–µ–Ω –¥–ª—è –∞–Ω–∞–ª–∏–∑–∞ –ø–æ–ª—å–∑–æ–≤–∞—Ç–µ–ª—å—Å–∫–æ–≥–æ –ø–æ–≤–µ–¥–µ–Ω–∏—è."
JC,Journal Connection,üü¢ Active,1EjBnkg-gON2X-EBdEHH0akYZMkdjTKk3xiawVHxN-m0,https://docs.google.com/spreadsheets/d/1EjBnkg-gON2X-EBdEHH0akYZMkdjTKk3xiawVHxN-m0/edit,"[{""name"":""uuid"",""type"":""string""},{""name"":""source_user_id"",""type"":""bigint""},{""name"":""target_user_id"",""type"":""bigint""},{""name"":""relationship_name"",""type"":""string""},{""name"":""status"",""type"":""string""},{""name"":""details"",""type"":""jsonb""},{""name"":""xaid"",""type"":""string""},{""name"":""created_at"",""type"":""string""},{""name"":""updated_at"",""type"":""string""}]","–ì—Ä–∞—Ñ–æ–≤–∞—è —Ç–∞–±–ª–∏—Ü–∞ –¥–ª—è –æ—Ç—Å–ª–µ–∂–∏–≤–∞–Ω–∏—è –æ—Ç–Ω–æ—à–µ–Ω–∏–π –º–µ–∂–¥—É –ø–æ–ª—å–∑–æ–≤–∞—Ç–µ–ª—è–º–∏. –•—Ä–∞–Ω–∏—Ç –∏–Ω—Ñ–æ—Ä–º–∞—Ü–∏—é –æ —Ç–æ–º, –∫—Ç–æ –∫–µ–º —è–≤–ª—è–µ—Ç—Å—è –ø–æ –æ—Ç–Ω–æ—à–µ–Ω–∏—é –∫ –¥—Ä—É–≥–æ–º—É: ""–º–µ–Ω–µ–¥–∂–µ—Ä/–ø–æ–¥—á–∏–Ω–µ–Ω–Ω—ã–π"", ""–∫–æ–ª–ª–µ–≥–∞"", ""–Ω–∞—Å—Ç–∞–≤–Ω–∏–∫""."
JG,Journal Generation,üü¢ Active,1b5M9Dq1BnsNkX5rN3ikjN1Aj9-6Cv6--PuAEEuC61wA,https://docs.google.com/spreadsheets/d/1b5M9Dq1BnsNkX5rN3ikjN1Aj9-6Cv6--PuAEEuC61wA/edit,"[{""name"":""uuid"",""type"":""string""},{""name"":""full_maid"",""type"":""string""},{""name"":""user_id"",""type"":""bigint""},{""name"":""model_name"",""type"":""string""},{""name"":""status"",""type"":""string""},{""name"":""token_in"",""type"":""integer""},{""name"":""token_out"",""type"":""integer""},{""name"":""total_token"",""type"":""integer""},{""name"":""details"",""type"":""jsonb""},{""name"":""xaid"",""type"":""string""},{""name"":""created_at"",""type"":""string""}]","–°–ø–µ—Ü–∏–∞–ª–∏–∑–∏—Ä–æ–≤–∞–Ω–Ω—ã–π –ª–æ–≥ –¥–ª—è —Å–∏—Å—Ç–µ–º, –∏—Å–ø–æ–ª—å–∑—É—é—â–∏—Ö –ò—Å–∫—É—Å—Å—Ç–≤–µ–Ω–Ω—ã–π –ò–Ω—Ç–µ–ª–ª–µ–∫—Ç. –ó–∞–ø–∏—Å—ã–≤–∞–µ—Ç –∫–∞–∂–¥—ã–π —Ñ–∞–∫—Ç –≥–µ–Ω–µ—Ä–∞—Ü–∏–∏ –∫–æ–Ω—Ç–µ–Ω—Ç–∞, –≤–∫–ª—é—á–∞—è –º–æ–¥–µ–ª—å, –ø–æ–ª—å–∑–æ–≤–∞—Ç–µ–ª—è –∏ —Å—Ç–æ–∏–º–æ—Å—Ç—å –æ–ø–µ—Ä–∞—Ü–∏–∏ (–≤ —Ç–æ–∫–µ–Ω–∞—Ö)."
JS,Journal System,üü¢ Active,1ESrxyF-4DgpclW59aDClgqSlxU-SoKSeeumBkn-KaUo,https://docs.google.com/spreadsheets/d/1ESrxyF-4DgpclW59aDClgqSlxU-SoKSeeumBkn-KaUo/edit,"[{""name"":""uuid"",""type"":""string""},{""name"":""entity_aid"",""type"":""string""},{""name"":""user_id"",""type"":""bigint""},{""name"":""details"",""type"":""jsonb""},{""name"":""xaid"",""type"":""string""},{""name"":""created_at"",""type"":""string""}]","–ê—É–¥–∏—Ç –ª–æ–≥ (Audit Log). –ó–∞–ø–∏—Å—ã–≤–∞–µ—Ç —Ñ–∞–∫—Ç—ã –∏–∑–º–µ–Ω–µ–Ω–∏—è –¥–∞–Ω–Ω—ã—Ö: –∫–∞–∫–∞—è —Å—É—â–Ω–æ—Å—Ç—å (entity_aid) –±—ã–ª–∞ –∏–∑–º–µ–Ω–µ–Ω–∞, –∫–µ–º (user_id) –∏ —á—Ç–æ –∏–º–µ–Ω–Ω–æ –ø–æ–º–µ–Ω—è–ª–æ—Å—å (—Å—Ç–∞—Ä—ã–µ –∏ –Ω–æ–≤—ã–µ –∑–Ω–∞—á–µ–Ω–∏—è –≤ details). ""–ß–µ—Ä–Ω—ã–π —è—â–∏–∫"" —Å–∏—Å—Ç–µ–º—ã."
K,Key,üü¢ Active,1-PiAwXDLrX7pjop89tw7CU1ZIM9RfKKde5WVcjsxqc8,https://docs.google.com/spreadsheets/d/1-PiAwXDLrX7pjop89tw7CU1ZIM9RfKKde5WVcjsxqc8/edit,"[{""name"":""uuid"",""type"":""string""},{""name"":""kaid"",""type"":""string""},{""name"":""key_prefix"",""type"":""string""},{""name"":""key_hash"",""type"":""string""},{""name"":""title"",""type"":""string""},{""name"":""is_active"",""type"":""boolean""},{""name"":""order"",""type"":""integer""},{""name"":""xaid"",""type"":""string""},{""name"":""created_at"",""type"":""string""},{""name"":""updated_at"",""type"":""string""},{""name"":""data_in"",""type"":""jsonb""}]",–•—Ä–∞–Ω–∏–ª–∏—â–µ –¥–ª—è API-–∫–ª—é—á–µ–π –∏ —Ç–æ–∫–µ–Ω–æ–≤. –ò—Å–ø–æ–ª—å–∑—É–µ—Ç—Å—è –¥–ª—è –±–µ–∑–æ–ø–∞—Å–Ω–æ–π –∏–Ω—Ç–µ–≥—Ä–∞—Ü–∏–∏ —Å –≤–Ω–µ—à–Ω–∏–º–∏ —Å–∏—Å—Ç–µ–º–∞–º–∏. –•—Ä–∞–Ω–∏—Ç —Ö–µ—à –∫–ª—é—á–∞ –∏ —Å–≤—è–∑–∞–Ω–Ω—ã–µ —Å –Ω–∏–º —Ä–∞–∑—Ä–µ—à–µ–Ω–∏—è.
L,Location,üü¢ Active,1gRZ04AhUv17hyMy1tQQtcdTisTD_j6QnL0E6PCxh0gU,https://docs.google.com/spreadsheets/d/1gRZ04AhUv17hyMy1tQQtcdTisTD_j6QnL0E6PCxh0gU/edit,"[{""name"":""uuid"",""type"":""string""},{""name"":""laid"",""type"":""string""},{""name"":""full_laid"",""type"":""string""},{""name"":""title"",""type"":""string""},{""name"":""city"",""type"":""string""},{""name"":""type"",""type"":""string""},{""name"":""status_name"",""type"":""string""},{""name"":""is_public"",""type"":""boolean""},{""name"":""order"",""type"":""integer""},{""name"":""xaid"",""type"":""string""},{""name"":""created_at"",""type"":""string""},{""name"":""updated_at"",""type"":""string""},{""name"":""deleted_at"",""type"":""string""},{""name"":""gin"",""type"":""jsonb""},{""name"":""fts"",""type"":""tsvector""},{""name"":""data_in"",""type"":""jsonb""},{""name"":""data_out"",""type"":""jsonb""}]","–†–µ–µ—Å—Ç—Ä –≥–µ–æ–≥—Ä–∞—Ñ–∏—á–µ—Å–∫–∏—Ö –∞–¥—Ä–µ—Å–æ–≤ –∏ —Ç–æ—á–µ–∫. –ú–æ–∂–µ—Ç –∏—Å–ø–æ–ª—å–∑–æ–≤–∞—Ç—å—Å—è –¥–ª—è –∞–¥—Ä–µ—Å–æ–≤ –∫–ª–∏–µ–Ω—Ç–æ–≤, —Å–∫–ª–∞–¥–æ–≤, –æ—Ñ–∏—Å–æ–≤. –ü–æ–¥–¥–µ—Ä–∂–∏–≤–∞–µ—Ç –∏–µ—Ä–∞—Ä—Ö–∏—é (–Ω–∞–ø—Ä–∏–º–µ—Ä, –ë–∏–∑–Ω–µ—Å-—Ü–µ–Ω—Ç—Ä -> –≠—Ç–∞–∂ -> –û—Ñ–∏—Å)."
M,Message,üü¢ Active,1yLPRX-ekQhyCSiBzHo6GBY5SOKdVGd9kJ9UQb_4HoX4,https://docs.google.com/spreadsheets/d/1yLPRX-ekQhyCSiBzHo6GBY5SOKdVGd9kJ9UQb_4HoX4/edit,"[{""name"":""uuid"",""type"":""string""},{""name"":""maid"",""type"":""string""},{""name"":""full_maid"",""type"":""string""},{""name"":""title"",""type"":""string""},{""name"":""status_name"",""type"":""string""},{""name"":""order"",""type"":""integer""},{""name"":""xaid"",""type"":""string""},{""name"":""created_at"",""type"":""string""},{""name"":""updated_at"",""type"":""string""},{""name"":""deleted_at"",""type"":""string""},{""name"":""gin"",""type"":""jsonb""},{""name"":""fts"",""type"":""tsvector""},{""name"":""data_in"",""type"":""jsonb""}]","–ê—Ç–æ–º–∞—Ä–Ω–∞—è –µ–¥–∏–Ω–∏—Ü–∞ –æ–±—â–µ–Ω–∏—è. –ö–æ–Ω–∫—Ä–µ—Ç–Ω–æ–µ —Å–æ–æ–±—â–µ–Ω–∏–µ, –æ—Ç–ø—Ä–∞–≤–ª–µ–Ω–Ω–æ–µ –≤ –æ–ø—Ä–µ–¥–µ–ª–µ–Ω–Ω—É—é –≤–µ—Ç–∫—É (Message Thread)."
MT,Message Thread,üü¢ Active,1J9j0No6gCmV3PuK7HiQSv1zMh9JRPmwrdyft2Fd9QLs,https://docs.google.com/spreadsheets/d/1J9j0No6gCmV3PuK7HiQSv1zMh9JRPmwrdyft2Fd9QLs/edit,"[{""name"":""uuid"",""type"":""string""},{""name"":""maid"",""type"":""string""},{""name"":""parent_maid"",""type"":""string""},{""name"":""title"",""type"":""string""},{""name"":""status_name"",""type"":""string""},{""name"":""type"",""type"":""string""},{""name"":""order"",""type"":""integer""},{""name"":""xaid"",""type"":""string""},{""name"":""created_at"",""type"":""string""},{""name"":""updated_at"",""type"":""string""},{""name"":""deleted_at"",""type"":""string""},{""name"":""gin"",""type"":""jsonb""},{""name"":""data_in"",""type"":""jsonb""}]","–ö–æ–Ω—Ç–µ–π–Ω–µ—Ä –¥–ª—è —Å–æ–æ–±—â–µ–Ω–∏–π. –≠—Ç–æ –º–æ–∂–µ—Ç –±—ã—Ç—å –¥–∏–∞–ª–æ–≥, –≥—Ä—É–ø–ø–æ–≤–æ–π —á–∞—Ç –∏–ª–∏ –≤–µ—Ç–∫–∞ –∫–æ–º–º–µ–Ω—Ç–∞—Ä–∏–µ–≤."
MD,Media,üü¢ Active,1rns_zWv0oDpAsMXXUNuiGY8Kryo5ZmIgSRA7O2t_knw,https://docs.google.com/spreadsheets/d/1rns_zWv0oDpAsMXXUNuiGY8Kryo5ZmIgSRA7O2t_knw/edit,"[{""name"":""uuid"",""type"":""string""},{""name"":""maid"",""type"":""string""},{""name"":""title"",""type"":""jsonb""},{""name"":""alt_text"",""type"":""jsonb""},{""name"":""caption"",""type"":""jsonb""},{""name"":""file_name"",""type"":""string""},{""name"":""file_path"",""type"":""string""},{""name"":""mime_type"",""type"":""string""},{""name"":""size_bytes"",""type"":""integer""},{""name"":""is_public"",""type"":""boolean""},{""name"":""type"",""type"":""string""},{""name"":""uploader_aid"",""type"":""string""},{""name"":""order"",""type"":""integer""},{""name"":""xaid"",""type"":""string""},{""name"":""created_at"",""type"":""string""},{""name"":""updated_at"",""type"":""string""},{""name"":""deleted_at"",""type"":""string""},{""name"":""data_in"",""type"":""jsonb""}]","–•—Ä–∞–Ω–∏—Ç –º–µ—Ç–∞–¥–∞–Ω–Ω—ã–µ –æ –ª—é–±–æ–º –∑–∞–≥—Ä—É–∂–µ–Ω–Ω–æ–º —Ñ–∞–π–ª–µ (–∏–∑–æ–±—Ä–∞–∂–µ–Ω–∏–µ, –¥–æ–∫—É–º–µ–Ω—Ç, –≤–∏–¥–µ–æ). –£–ø—Ä–∞–≤–ª—è–µ—Ç –¥–æ—Å—Ç—É–ø–æ–º –∏ –≤–µ—Ä—Å–∏—è–º–∏."
N,Notice,üü¢ Active,1BA7UY7iIC03fIeDAf4XJQ3Nb2zb6XB0u__WFYe3FVSI,https://docs.google.com/spreadsheets/d/1BA7UY7iIC03fIeDAf4XJQ3Nb2zb6XB0u__WFYe3FVSI/edit,"[{""name"":""uuid"",""type"":""string""},{""name"":""naid"",""type"":""string""},{""name"":""target_aid"",""type"":""string""},{""name"":""title"",""type"":""string""},{""name"":""is_read"",""type"":""boolean""},{""name"":""type_name"",""type"":""string""},{""name"":""order"",""type"":""integer""},{""name"":""xaid"",""type"":""string""},{""name"":""created_at"",""type"":""string""},{""name"":""updated_at"",""type"":""string""},{""name"":""deleted_at"",""type"":""string""},{""name"":""data_in"",""type"":""jsonb""}]","–§–∞–∫—Ç —Å–∏—Å—Ç–µ–º–Ω–æ–≥–æ –æ–ø–æ–≤–µ—â–µ–Ω–∏—è –¥–ª—è –ø–æ–ª—å–∑–æ–≤–∞—Ç–µ–ª—è –≤–Ω—É—Ç—Ä–∏ –∏–Ω—Ç–µ—Ä—Ñ–µ–π—Å–∞ (""–∫–æ–ª–æ–∫–æ–ª—å—á–∏–∫""). –ù–µ —è–≤–ª—è–µ—Ç—Å—è email/sms, –∞ —Å–ª—É–∂–∏—Ç —Ç—Ä–∏–≥–≥–µ—Ä–æ–º –¥–ª—è –Ω–∏—Ö."
O,Outreach,üü¢ Active,1ejsI-1tODmSB7FsqndkosklM7gGqHll7JHS8w8l4xcc,https://docs.google.com/spreadsheets/d/1ejsI-1tODmSB7FsqndkosklM7gGqHll7JHS8w8l4xcc/edit,"[{""name"":""uuid"",""type"":""string""},{""name"":""oaid"",""type"":""string""},{""name"":""said"",""type"":""string""},{""name"":""title"",""type"":""jsonb""},{""name"":""strategy_type"",""type"":""string""},{""name"":""mechanic_type"",""type"":""string""},{""name"":""order"",""type"":""integer""},{""name"":""xaid"",""type"":""string""},{""name"":""created_at"",""type"":""string""},{""name"":""updated_at"",""type"":""string""},{""name"":""deleted_at"",""type"":""string""},{""name"":""gin"",""type"":""jsonb""},{""name"":""fts"",""type"":""tsvector""},{""name"":""data_in"",""type"":""jsonb""},{""name"":""data_out"",""type"":""jsonb""}]","–û–±–µ—Ä—Ç–∫–∞ –¥–ª—è –≤–Ω–µ—à–Ω–µ–π –º–∞—Ä–∫–µ—Ç–∏–Ω–≥–æ–≤–æ–π –∏–ª–∏ –ø—Ä–æ–¥–∞–∂–Ω–æ–π –∫–æ–º–º—É–Ω–∏–∫–∞—Ü–∏–∏ (—Ä–∞—Å—Å—ã–ª–∫–∞, –∞–≤—Ç–æ–≤–æ—Ä–æ–Ω–∫–∞, —Ö–æ–ª–æ–¥–Ω–æ–µ –ø–∏—Å—å–º–æ)."
OR,Outreach Referral,üü¢ Active,1qDk-cTPb5T4lML_R-ynmcFfDdWq-YODbDR0qlCqY5gw,https://docs.google.com/spreadsheets/d/1qDk-cTPb5T4lML_R-ynmcFfDdWq-YODbDR0qlCqY5gw/edit,"[{""name"":""uuid"",""type"":""string""},{""name"":""oaid"",""type"":""string""},{""name"":""title"",""type"":""jsonb""},{""name"":""depth"",""type"":""integer""},{""name"":""order"",""type"":""integer""},{""name"":""xaid"",""type"":""string""},{""name"":""created_at"",""type"":""string""},{""name"":""updated_at"",""type"":""string""},{""name"":""deleted_at"",""type"":""string""},{""name"":""gin"",""type"":""jsonb""},{""name"":""fts"",""type"":""tsvector""},{""name"":""data_in"",""type"":""jsonb""}]",–£–ø—Ä–∞–≤–ª—è–µ—Ç –ª–æ–≥–∏–∫–æ–π –∏ —Å–æ—Å—Ç–æ—è–Ω–∏–µ–º —Ä–µ—Ñ–µ—Ä–∞–ª—å–Ω—ã—Ö –ø—Ä–æ–≥—Ä–∞–º–º. –ü–æ–ª–µ depth –ø–æ–∑–≤–æ–ª—è–µ—Ç —Å–æ–∑–¥–∞–≤–∞—Ç—å –º–Ω–æ–≥–æ—É—Ä–æ–≤–Ω–µ–≤—ã–µ —Ä–µ—Ñ–µ—Ä–∞–ª—å–Ω—ã–µ —Ü–µ–ø–æ—á–∫–∏.
P,Product,üü¢ Active,1M3ydFqlyCAzVR2Gq_s-jNYjkCO-3W7SJkSeE-JDaLQg,https://docs.google.com/spreadsheets/d/1M3ydFqlyCAzVR2Gq_s-jNYjkCO-3W7SJkSeE-JDaLQg/edit,"[{""name"":""uuid"",""type"":""string""},{""name"":""paid"",""type"":""string""},{""name"":""title"",""type"":""jsonb""},{""name"":""category"",""type"":""string""},{""name"":""type"",""type"":""string""},{""name"":""status_name"",""type"":""string""},{""name"":""is_public"",""type"":""boolean""},{""name"":""order"",""type"":""integer""},{""name"":""xaid"",""type"":""string""},{""name"":""created_at"",""type"":""string""},{""name"":""updated_at"",""type"":""string""},{""name"":""deleted_at"",""type"":""string""},{""name"":""gin"",""type"":""jsonb""},{""name"":""fts"",""type"":""tsvector""},{""name"":""data_in"",""type"":""jsonb""},{""name"":""data_out"",""type"":""jsonb""}]","–ê–±—Å—Ç—Ä–∞–∫—Ç–Ω–∞—è –∫–∞—Ä—Ç–æ—á–∫–∞ —Ç–æ–≤–∞—Ä–∞. –•—Ä–∞–Ω–∏—Ç –æ–±—â–µ–µ –¥–ª—è –≤—Å–µ—Ö –≤–∞—Ä–∏–∞–Ω—Ç–æ–≤ –æ–ø–∏—Å–∞–Ω–∏–µ, —Ñ–æ—Ç–æ, —Ö–∞—Ä–∞–∫—Ç–µ—Ä–∏—Å—Ç–∏–∫–∏. –ù–µ –∏–º–µ–µ—Ç —Ü–µ–Ω—ã."
PV,Product Variant,üü¢ Active,1nc86VCAVr5HeEr5BX2fDYJCqz1rboYgdluNaAencS0Q,https://docs.google.com/spreadsheets/d/1nc86VCAVr5HeEr5BX2fDYJCqz1rboYgdluNaAencS0Q/edit,"[{""name"":""uuid"",""type"":""string""},{""name"":""pvaid"",""type"":""string""},{""name"":""full_paid"",""type"":""string""},{""name"":""vendor_aid"",""type"":""string""},{""name"":""sku"",""type"":""string""},{""name"":""title"",""type"":""jsonb""},{""name"":""status_name"",""type"":""string""},{""name"":""order"",""type"":""integer""},{""name"":""xaid"",""type"":""string""},{""name"":""created_at"",""type"":""string""},{""name"":""updated_at"",""type"":""string""},{""name"":""deleted_at"",""type"":""string""},{""name"":""gin"",""type"":""jsonb""},{""name"":""fts"",""type"":""tsvector""},{""name"":""data_in"",""type"":""jsonb""},{""name"":""data_out"",""type"":""jsonb""}]","–ö–æ–Ω–∫—Ä–µ—Ç–Ω–∞—è, –ø–æ–∫—É–ø–∞–µ–º–∞—è –µ–¥–∏–Ω–∏—Ü–∞ —Ç–æ–≤–∞—Ä–∞ (SKU). –ò–º–µ–µ—Ç –∞—Ä—Ç–∏–∫—É–ª, —Ü–µ–Ω—É –∏ –∞—Ç—Ä–∏–±—É—Ç—ã (—Ü–≤–µ—Ç, —Ä–∞–∑–º–µ—Ä), –∫–æ—Ç–æ—Ä—ã–µ –æ—Ç–ª–∏—á–∞—é—Ç –µ–µ –æ—Ç —Ä–æ–¥–∏—Ç–µ–ª—å—Å–∫–æ–≥–æ Product."
PM,Permission,üü¢ Active,1LF0niB864mUsV55IrxcATiAhlfULfckXA0d-2aEQKcY,https://docs.google.com/spreadsheets/d/1LF0niB864mUsV55IrxcATiAhlfULfckXA0d-2aEQKcY/edit,"[{""name"":""uuid"",""type"":""string""},{""name"":""prm_aid"",""type"":""string""},{""name"":""action_key"",""type"":""string""},{""name"":""title"",""type"":""jsonb""},{""name"":""group_name"",""type"":""string""},{""name"":""order"",""type"":""integer""},{""name"":""xaid"",""type"":""string""},{""name"":""created_at"",""type"":""string""},{""name"":""updated_at"",""type"":""string""},{""name"":""data_in"",""type"":""jsonb""}]","–ê—Ç–æ–º–∞—Ä–Ω–æ–µ –ø—Ä–∞–≤–æ –Ω–∞ –≤—ã–ø–æ–ª–Ω–µ–Ω–∏–µ –¥–µ–π—Å—Ç–≤–∏—è –≤ —Å–∏—Å—Ç–µ–º–µ (–Ω–∞–ø—Ä–∏–º–µ—Ä, 'deal.create'). –ì—Ä—É–ø–ø–∏—Ä—É—é—Ç—Å—è –≤ –†–æ–ª–∏."
Q,Qualification,üü¢ Active,1wzfOlw7rQ82vcmvQxsDFfaAJyzy78EObEoK68ziISII,https://docs.google.com/spreadsheets/d/1wzfOlw7rQ82vcmvQxsDFfaAJyzy78EObEoK68ziISII/edit,"[{""name"":""uuid"",""type"":""string""},{""name"":""qaid"",""type"":""string""},{""name"":""haid"",""type"":""string""},{""name"":""title"",""type"":""jsonb""},{""name"":""category"",""type"":""string""},{""name"":""type"",""type"":""string""},{""name"":""status_name"",""type"":""string""},{""name"":""order"",""type"":""integer""},{""name"":""xaid"",""type"":""string""},{""name"":""created_at"",""type"":""string""},{""name"":""updated_at"",""type"":""string""},{""name"":""deleted_at"",""type"":""string""},{""name"":""gin"",""type"":""jsonb""},{""name"":""fts"",""type"":""tsvector""},{""name"":""data_in"",""type"":""jsonb""},{""name"":""data_out"",""type"":""jsonb""}]",–§–∞–∫—Ç –æ—Ü–µ–Ω–∫–∏ –∫–æ–º–ø–µ—Ç–µ–Ω—Ü–∏–π —Å–æ—Ç—Ä—É–¥–Ω–∏–∫–∞ –∏–ª–∏ –∫–æ–Ω—Ç–∞–∫—Ç–∞. –ü–æ–∑–≤–æ–ª—è–µ—Ç —Å—Ç—Ä–æ–∏—Ç—å –º–∞—Ç—Ä–∏—Ü—É –∫–æ–º–ø–µ—Ç–µ–Ω—Ü–∏–π –∏ –∫–≤–∞–ª–∏—Ñ–∏—Ü–∏—Ä–æ–≤–∞—Ç—å –ª–∏–¥–æ–≤.
R,Relation,üü¢ Active,1QTGHWEy1ct7uMS062ZCLM7n0w9dqgsEqv-DSjA72lzA,https://docs.google.com/spreadsheets/d/1QTGHWEy1ct7uMS062ZCLM7n0w9dqgsEqv-DSjA72lzA/edit,"[{""name"":""uuid"",""type"":""string""},{""name"":""source_entity"",""type"":""string""},{""name"":""target_entity"",""type"":""string""},{""name"":""type"",""type"":""string""},{""name"":""status_name"",""type"":""string""},{""name"":""order"",""type"":""integer""},{""name"":""xaid"",""type"":""string""},{""name"":""created_at"",""type"":""string""},{""name"":""updated_at"",""type"":""string""},{""name"":""deleted_at"",""type"":""string""},{""name"":""gin"",""type"":""jsonb""},{""name"":""fts"",""type"":""tsvector""},{""name"":""data_in"",""type"":""jsonb""},{""name"":""data_out"",""type"":""jsonb""}]","–£–Ω–∏–≤–µ—Ä—Å–∞–ª—å–Ω–∞—è –ø–æ–ª–∏–º–æ—Ä—Ñ–Ω–∞—è —Å–≤—è–∑—É—é—â–∞—è —Ç–∞–±–ª–∏—Ü–∞. –ü–æ–∑–≤–æ–ª—è–µ—Ç —Å–≤—è–∑–∞—Ç—å –ª—é–±—ã–µ –¥–≤–µ —Å—É—â–Ω–æ—Å—Ç–∏ –≤ —Å–∏—Å—Ç–µ–º–µ (source_aid –∏ target_aid) –æ–ø—Ä–µ–¥–µ–ª–µ–Ω–Ω—ã–º —Ç–∏–ø–æ–º –æ—Ç–Ω–æ—à–µ–Ω–∏—è. –ù–∞–ø—Ä–∏–º–µ—Ä, —Å–≤—è–∑–∞—Ç—å –¥–æ–∫—É–º–µ–Ω—Ç (A-) —Å –∑–∞–¥–∞—á–µ–π (G-) –∏–ª–∏ —Å–¥–µ–ª–∫—É (D-) —Å –∫–æ–Ω—Ç—Ä–∞–≥–µ–Ω—Ç–æ–º (C-)."
RL,Role,üü¢ Active,116sugtZqsLLJdy9aW4vcMzWdmNh1EwlejB6uqHF5xys,https://docs.google.com/spreadsheets/d/116sugtZqsLLJdy9aW4vcMzWdmNh1EwlejB6uqHF5xys/edit,"[{""name"":""uuid"",""type"":""string""},{""name"":""raid"",""type"":""string""},{""name"":""title"",""type"":""jsonb""},{""name"":""description"",""type"":""jsonb""},{""name"":""is_system"",""type"":""boolean""},{""name"":""order"",""type"":""integer""},{""name"":""xaid"",""type"":""string""},{""name"":""created_at"",""type"":""string""},{""name"":""updated_at"",""type"":""string""},{""name"":""deleted_at"",""type"":""string""},{""name"":""data_in"",""type"":""jsonb""}]","–ò–º–µ–Ω–æ–≤–∞–Ω–Ω—ã–π –Ω–∞–±–æ—Ä —Ä–∞–∑—Ä–µ—à–µ–Ω–∏–π (Permissions), –∫–æ—Ç–æ—Ä—ã–π –Ω–∞–∑–Ω–∞—á–∞–µ—Ç—Å—è –ø–æ–ª—å–∑–æ–≤–∞—Ç–µ–ª—é (User). –ù–∞–ø—Ä–∏–º–µ—Ä: ""–ú–µ–Ω–µ–¥–∂–µ—Ä –ø–æ –ø—Ä–æ–¥–∞–∂–∞–º"", ""–ê–¥–º–∏–Ω–∏—Å—Ç—Ä–∞—Ç–æ—Ä""."
RP,Role Permission,üü¢ Active,1gPrszAzoGTZYz5NrHood62r_MdL40yBr7zDDAHCUk7U,https://docs.google.com/spreadsheets/d/1gPrszAzoGTZYz5NrHood62r_MdL40yBr7zDDAHCUk7U/edit,"[{""name"":""uuid"",""type"":""string""},{""name"":""role_uuid"",""type"":""string""},{""name"":""permission_uuid"",""type"":""string""},{""name"":""order"",""type"":""integer""},{""name"":""xaid"",""type"":""string""},{""name"":""created_at"",""type"":""string""}]","–°–≤—è–∑—É—é—â–∞—è —Ç–∞–±–ª–∏—Ü–∞ '–º–Ω–æ–≥–∏–µ-–∫–æ-–º–Ω–æ–≥–∏–º', –æ–ø—Ä–µ–¥–µ–ª—è—é—â–∞—è, –∫–∞–∫–æ–µ —Ä–∞–∑—Ä–µ—à–µ–Ω–∏–µ (Permission) –≤—Ö–æ–¥–∏—Ç –≤ –∫–∞–∫—É—é —Ä–æ–ª—å (Role)."
S,Segment,üü¢ Active,1qqikpFrOcVknLZuqfoEGeGYyvtnlw5rUpG1w7XSEJOU,https://docs.google.com/spreadsheets/d/1qqikpFrOcVknLZuqfoEGeGYyvtnlw5rUpG1w7XSEJOU/edit,"[{""name"":""uuid"",""type"":""string""},{""name"":""said"",""type"":""string""},{""name"":""title"",""type"":""jsonb""},{""name"":""status_name"",""type"":""string""},{""name"":""order"",""type"":""integer""},{""name"":""xaid"",""type"":""string""},{""name"":""created_at"",""type"":""string""},{""name"":""updated_at"",""type"":""string""},{""name"":""deleted_at"",""type"":""string""},{""name"":""gin"",""type"":""jsonb""},{""name"":""fts"",""type"":""tsvector""},{""name"":""data_in"",""type"":""jsonb""}]","–û–ø—Ä–µ–¥–µ–ª—è–µ—Ç –¥–∏–Ω–∞–º–∏—á–µ—Å–∫—É—é –∏–ª–∏ —Å—Ç–∞—Ç–∏—á–µ—Å–∫—É—é –≥—Ä—É–ø–ø—É —Å—É—â–Ω–æ—Å—Ç–µ–π (Human, Contractor) –¥–ª—è —Ç–∞—Ä–≥–µ—Ç–∏–Ω–≥–∞ –∏–ª–∏ —É–ø—Ä–∞–≤–ª–µ–Ω–∏—è –¥–æ—Å—Ç—É–ø–æ–º."
ST,Setting,üü¢ Active,1qPO89ludGGqZMCmkjhaCwG2uFEodPPQkCFFVOxqr-TI/,https://docs.google.com/spreadsheets/d/1qPO89ludGGqZMCmkjhaCwG2uFEodPPQkCFFVOxqr-TI//edit,"[{""name"":""uuid"",""type"":""string""},{""name"":""attribute"",""type"":""string""},{""name"":""value"",""type"":""string""},{""name"":""type"",""type"":""string""},,{""name"":""order"",""type"":""integer""},{""name"":""xaid"",""type"":""string""},{""name"":""created_at"",""type"":""string""},{""name"":""updated_at"",""type"":""string""},{""name"":""data_in"",""type"":""jsonb""}]",–•—Ä–∞–Ω–∏–ª–∏—â–µ –≥–ª–æ–±–∞–ª—å–Ω—ã—Ö –Ω–∞—Å—Ç—Ä–æ–µ–∫ —Å–∏—Å—Ç–µ–º—ã –≤ —Ñ–æ—Ä–º–∞—Ç–µ '–∫–ª—é—á-–∑–Ω–∞—á–µ–Ω–∏–µ'.
T,Text,üü¢ Active,1Utj6v7mthw4putst-WB7ImGj_VbgOz5p-8wMHi6J2ZU,https://docs.google.com/spreadsheets/d/1Utj6v7mthw4putst-WB7ImGj_VbgOz5p-8wMHi6J2ZU/edit,"[{""name"":""uuid"",""type"":""string""},{""name"":""taid"",""type"":""string""},{""name"":""title"",""type"":""jsonb""},{""name"":""type"",""type"":""string""},{""name"":""status_name"",""type"":""string""},{""name"":""is_public"",""type"":""boolean""},{""name"":""order"",""type"":""integer""},{""name"":""xaid"",""type"":""string""},{""name"":""created_at"",""type"":""string""},{""name"":""updated_at"",""type"":""string""},{""name"":""deleted_at"",""type"":""string""},{""name"":""gin"",""type"":""jsonb""},{""name"":""fts"",""type"":""tsvector""},{""name"":""data_in"",""type"":""jsonb""},{""name"":""data_out"",""type"":""jsonb""}]","–•—Ä–∞–Ω–∏—Ç –∫–æ–Ω—Ç–µ–Ω—Ç–Ω—ã–µ –µ–¥–∏–Ω–∏—Ü—ã: —Å—Ç–∞—Ç—å–∏, —Å—Ç—Ä–∞–Ω–∏—Ü—ã, –±–ª–æ–∫–∏ —Ç–µ–∫—Å—Ç–∞, —à–∞–±–ª–æ–Ω—ã –ø–∏—Å–µ–º."
TV,Text Variant,üü¢ Active,1TRsFLmmW44Hq8agSwDF8kc8g0cSvovzkpW1_51sTd78,https://docs.google.com/spreadsheets/d/1TRsFLmmW44Hq8agSwDF8kc8g0cSvovzkpW1_51sTd78/edit,"[{""name"":""uuid"",""type"":""string""},{""name"":""taid"",""type"":""string""},{""name"":""full_taid"",""type"":""string""},{""name"":""title"",""type"":""jsonb""},{""name"":""type"",""type"":""string""},{""name"":""status_name"",""type"":""string""},{""name"":""version"",""type"":""string""},{""name"":""order"",""type"":""integer""},{""name"":""xaid"",""type"":""string""},{""name"":""created_at"",""type"":""string""},{""name"":""updated_at"",""type"":""string""},{""name"":""deleted_at"",""type"":""string""},{""name"":""gin"",""type"":""jsonb""},{""name"":""fts"",""type"":""tsvector""},{""name"":""data_in"",""type"":""jsonb""},{""name"":""data_out"",""type"":""jsonb""}]",–¢–∞–±–ª–∏—Ü–∞ –≤–µ—Ä—Å–∏–æ–Ω–Ω–æ—Å—Ç–∏ –¥–ª—è –∫–æ–Ω—Ç–µ–Ω—Ç–∞ –∏–∑ —Ç–∞–±–ª–∏—Ü—ã Text. –ü–æ–∑–≤–æ–ª—è–µ—Ç –æ—Ç—Å–ª–µ–∂–∏–≤–∞—Ç—å –∏—Å—Ç–æ—Ä–∏—é –∏–∑–º–µ–Ω–µ–Ω–∏–π.
TX,Taxonomy,üü¢ Active,1JuwzvQ4JbOHSMLii5z8B5bLktyoSp6WnAmNbt2L7rls,https://docs.google.com/spreadsheets/d/1JuwzvQ4JbOHSMLii5z8B5bLktyoSp6WnAmNbt2L7rls/edit,"[{""name"":""entity"",""type"":""string""},{""name"":""name"",""type"":""string""},{""name"":""title"",""type"":""string""},{""name"":""order"",""type"":""integer""}]","–£–Ω–∏–≤–µ—Ä—Å–∞–ª—å–Ω—ã–π –∫–ª–∞—Å—Å–∏—Ñ–∏–∫–∞—Ç–æ—Ä –¥–ª—è –≤—Å–µ–π —Å–∏—Å—Ç–µ–º—ã. –ó–¥–µ—Å—å —Ö—Ä–∞–Ω—è—Ç—Å—è –≤—Å–µ –≤–æ–∑–º–æ–∂–Ω—ã–µ —Å—Ç–∞—Ç—É—Å—ã, —Ç–∏–ø—ã, –∫–∞—Ç–µ–≥–æ—Ä–∏–∏, —Ç–µ–≥–∏ –∏ –ª—é–±—ã–µ –¥—Ä—É–≥–∏–µ —Å–ø–∏—Å–æ—á–Ω—ã–µ –∑–Ω–∞—á–µ–Ω–∏—è. –í–º–µ—Å—Ç–æ —Ç–æ–≥–æ —á—Ç–æ–±—ã –∂–µ—Å—Ç–∫–æ –∫–æ–¥–∏—Ä–æ–≤–∞—Ç—å ""–≤ —Ä–∞–±–æ—Ç–µ"", ""–∑–∞–≤–µ—Ä—à–µ–Ω–æ"", –º—ã —Å–æ–∑–¥–∞–µ–º –∑–∞–ø–∏—Å–∏ –∑–¥–µ—Å—å, —á—Ç–æ –¥–µ–ª–∞–µ—Ç —Å–∏—Å—Ç–µ–º—É –Ω–µ–≤–µ—Ä–æ—è—Ç–Ω–æ –≥–∏–±–∫–æ–π."
U,University,üü¢ Active,1NkhzJnZJt-a5UZDAOrGw3Gi1N-1daJ_YbC18YMk7LEU,https://docs.google.com/spreadsheets/d/1NkhzJnZJt-a5UZDAOrGw3Gi1N-1daJ_YbC18YMk7LEU/edit,"[{""name"":""uuid"",""type"":""string""},{""name"":""uaid"",""type"":""string""},{""name"":""parent_uaid"",""type"":""string""},{""name"":""full_uaid"",""type"":""string""},{""name"":""title"",""type"":""jsonb""},{""name"":""status_name"",""type"":""string""},{""name"":""order"",""type"":""integer""},{""name"":""xaid"",""type"":""string""},{""name"":""created_at"",""type"":""string""},{""name"":""updated_at"",""type"":""string""},{""name"":""deleted_at"",""type"":""string""},{""name"":""gin"",""type"":""jsonb""},{""name"":""fts"",""type"":""tsvector""},{""name"":""data_in"",""type"":""jsonb""},{""name"":""data_out"",""type"":""jsonb""}]","–°—É—â–Ω–æ—Å—Ç—å –¥–ª—è —Å–∏—Å—Ç–µ–º—ã –æ–±—É—á–µ–Ω–∏—è (LMS). –ú–æ–∂–µ—Ç –±—ã—Ç—å –∫—É—Ä—Å–æ–º, –º–æ–¥—É–ª–µ–º –∏–ª–∏ —É—Ä–æ–∫–æ–º. –ò–µ—Ä–∞—Ä—Ö–∏—è –≤—ã—Å—Ç—Ä–∞–∏–≤–∞–µ—Ç—Å—è —á–µ—Ä–µ–∑ parent_uaid."
UR,User,üü¢ Active,13jJ8MszjMFh9mrdjbExg8lWRpJHI0gQslde4hf97FcE,https://docs.google.com/spreadsheets/d/13jJ8MszjMFh9mrdjbExg8lWRpJHI0gQslde4hf97FcE/edit,"[{""name"":""uuid"",""type"":""string""},{""name"":""human_aid"",""type"":""string""},{""name"":""role_uuid"",""type"":""string""},{""name"":""email"",""type"":""string""},{""name"":""password_hash"",""type"":""string""},{""name"":""is_active"",""type"":""boolean""},{""name"":""last_login_at"",""type"":""string""},{""name"":""email_verified_at"",""type"":""string""},{""name"":""created_at"",""type"":""string""},{""name"":""updated_at"",""type"":""string""},{""name"":""deleted_at"",""type"":""string""},{""name"":""data_in"",""type"":""jsonb""}]","–°—É—â–Ω–æ—Å—Ç—å –¥–ª—è –∞—É—Ç–µ–Ω—Ç–∏—Ñ–∏–∫–∞—Ü–∏–∏. '–ê–∫–∫–∞—É–Ω—Ç', –∫–æ—Ç–æ—Ä—ã–π –ø–æ–∑–≤–æ–ª—è–µ—Ç –≤–æ–π—Ç–∏ –≤ —Å–∏—Å—Ç–µ–º—É –∏ —Å–≤—è–∑–∞–Ω —Å —Ä–æ–ª—å—é. –ù–µ —Ö—Ä–∞–Ω–∏—Ç –ª–∏—á–Ω—ã—Ö –¥–∞–Ω–Ω—ã—Ö, –∫—Ä–æ–º–µ email."
UB,User Ban,üü¢ Active,17ShiXogXuBfsdsNOUOH1jnS9Tk6Fgenl9Or5QRGAuTc,https://docs.google.com/spreadsheets/d/17ShiXogXuBfsdsNOUOH1jnS9Tk6Fgenl9Or5QRGAuTc/edit,"[{""name"":""uuid"",""type"":""string""},{""name"":""user_uuid"",""type"":""string""},{""name"":""banned_by_aid"",""type"":""string""},{""name"":""reason"",""type"":""jsonb""},{""name"":""type"",""type"":""string""},{""name"":""expires_at"",""type"":""string""},{""name"":""revoked_at"",""type"":""string""},{""name"":""revoked_by_aid"",""type"":""string""},{""name"":""created_at"",""type"":""string""},{""name"":""data_in"",""type"":""jsonb""}]","–§–∞–∫—Ç –±–ª–æ–∫–∏—Ä–æ–≤–∫–∏ –ø–æ–ª—å–∑–æ–≤–∞—Ç–µ–ª—è. –•—Ä–∞–Ω–∏—Ç –ø—Ä–∏—á–∏–Ω—É, —Å—Ä–æ–∫ –∏ –∏–Ω–∏—Ü–∏–∞—Ç–æ—Ä–∞ –±–∞–Ω–∞."
US,User Session,üü¢ Active,1B7juVn8hJh-tTZOqf0FZlkQkkfnvENt4bHYpAr7EmMo,https://docs.google.com/spreadsheets/d/1B7juVn8hJh-tTZOqf0FZlkQkkfnvENt4bHYpAr7EmMo/edit,"[{""name"":""uuid"",""type"":""string""},{""name"":""user_uuid"",""type"":""string""},{""name"":""token_hash"",""type"":""string""},{""name"":""ip_address"",""type"":""string""},{""name"":""user_agent"",""type"":""string""},{""name"":""last_active_at"",""type"":""string""},{""name"":""expires_at"",""type"":""string""},{""name"":""xaid"",""type"":""string""},{""name"":""created_at"",""type"":""string""},{""name"":""data_in"",""type"":""jsonb""}]","–£–ø—Ä–∞–≤–ª—è–µ—Ç –∞–∫—Ç–∏–≤–Ω—ã–º–∏ —Å–µ—Å—Å–∏—è–º–∏ –ø–æ–ª—å–∑–æ–≤–∞—Ç–µ–ª—è –¥–ª—è –±–µ–∑–æ–ø–∞—Å–Ω–æ—Å—Ç–∏ (–ø—Ä–æ—Å–º–æ—Ç—Ä —Å–µ—Å—Å–∏–π, –≤—ã—Ö–æ–¥ –Ω–∞ –≤—Å–µ—Ö —É—Å—Ç—Ä–æ–π—Å—Ç–≤–∞—Ö)."
UV,User Verification,üü¢ Active,1PgmoMlduAgNfFJj41AYwPDfeqAB9IBTpaagrJJuJSA4,https://docs.google.com/spreadsheets/d/1PgmoMlduAgNfFJj41AYwPDfeqAB9IBTpaagrJJuJSA4/edit,"[{""name"":""uuid"",""type"":""string""},{""name"":""user_uuid"",""type"":""string""},{""name"":""type"",""type"":""string""},{""name"":""token_hash"",""type"":""string""},{""name"":""expires_at"",""type"":""string""},{""name"":""verified_at"",""type"":""string""},{""name"":""created_at"",""type"":""string""},{""name"":""data_in"",""type"":""jsonb""}]","–£–ø—Ä–∞–≤–ª—è–µ—Ç –æ–¥–Ω–æ—Ä–∞–∑–æ–≤—ã–º–∏ —Ç–æ–∫–µ–Ω–∞–º–∏ –¥–ª—è –ø–æ–¥—Ç–≤–µ—Ä–∂–¥–µ–Ω–∏—è email, —Å–±—Ä–æ—Å–∞ –ø–∞—Ä–æ–ª—è –∏ —Ç.–¥."
V,Vote,üü¢ Active,1HzIuy1mbZjyseHB9qBaNMKKpuhiAvyvVlwW2GT4sc1E,https://docs.google.com/spreadsheets/d/1HzIuy1mbZjyseHB9qBaNMKKpuhiAvyvVlwW2GT4sc1E/edit,"[{""name"":""uuid"",""type"":""string""},{""name"":""vaid"",""type"":""string""},{""name"":""full_vaid"",""type"":""string""},{""name"":""haid"",""type"":""string""},{""name"":""title"",""type"":""jsonb""},{""name"":""status_name"",""type"":""string""},{""name"":""order"",""type"":""integer""},{""name"":""xaid"",""type"":""string""},{""name"":""created_at"",""type"":""string""},{""name"":""updated_at"",""type"":""string""},{""name"":""deleted_at"",""type"":""string""},{""name"":""gin"",""type"":""jsonb""},{""name"":""fts"",""type"":""tsvector""},{""name"":""data_in"",""type"":""jsonb""},{""name"":""data_out"",""type"":""jsonb""}]",–°—É—â–Ω–æ—Å—Ç—å –¥–ª—è –ø—Ä–æ–≤–µ–¥–µ–Ω–∏—è –æ–ø—Ä–æ—Å–æ–≤ –∏ –≥–æ–ª–æ—Å–æ–≤–∞–Ω–∏–π.
W,Wallet,üü¢ Active,1wLySD9ERG3JMpuP1Jt9gg2OpovQeyeF-ovtXLHsKN70,https://docs.google.com/spreadsheets/d/1wLySD9ERG3JMpuP1Jt9gg2OpovQeyeF-ovtXLHsKN70/edit,"[{""name"":""uuid"",""type"":""string""},{""name"":""waid"",""type"":""string""},{""name"":""full_waid"",""type"":""string""},{""name"":""target_aid"",""type"":""string""},{""name"":""title"",""type"":""jsonb""},{""name"":""status_name"",""type"":""string""},{""name"":""order"",""type"":""integer""},{""name"":""xaid"",""type"":""string""},{""name"":""created_at"",""type"":""string""},{""name"":""updated_at"",""type"":""string""},{""name"":""deleted_at"",""type"":""string""},{""name"":""gin"",""type"":""jsonb""},{""name"":""fts"",""type"":""tsvector""},{""name"":""data_in"",""type"":""jsonb""},{""name"":""data_out"",""type"":""jsonb""}]","–í–∏—Ä—Ç—É–∞–ª—å–Ω—ã–π –∫–æ—à–µ–ª–µ–∫ –∏–ª–∏ —Å—á–µ—Ç, –ø—Ä–∏–≤—è–∑–∞–Ω–Ω—ã–π –∫ —Å—É—â–Ω–æ—Å—Ç–∏ (Human, Contractor). –•—Ä–∞–Ω–∏—Ç –±–∞–ª–∞–Ω—Å—ã."
WT,Wallet Transaction,üü¢ Active,1FvOEBGNXkoki9Lc89RH01X0bvKeqRKa5dDS8srWDr8E,https://docs.google.com/spreadsheets/d/1FvOEBGNXkoki9Lc89RH01X0bvKeqRKa5dDS8srWDr8E/edit,"[{""name"":""uuid"",""type"":""string""},{""name"":""wcaid"",""type"":""string""},{""name"":""full_waid"",""type"":""string""},{""name"":""target_aid"",""type"":""string""},{""name"":""amount"",""type"":""integer""},{""name"":""status_name"",""type"":""string""},{""name"":""order"",""type"":""integer""},{""name"":""xaid"",""type"":""string""},{""name"":""created_at"",""type"":""string""},{""name"":""updated_at"",""type"":""string""},{""name"":""deleted_at"",""type"":""string""},{""name"":""data_in"",""type"":""jsonb""}]",–ó–∞–ø–∏—Å—å –æ —Ç—Ä–∞–Ω–∑–∞–∫—Ü–∏–∏ –≤ –∫–æ—à–µ–ª—å–∫–µ (Wallet). –§–∞–∫—Ç –ø–æ–ø–æ–ª–Ω–µ–Ω–∏—è –∏–ª–∏ —Å–ø–∏—Å–∞–Ω–∏—è —Å—Ä–µ–¥—Å—Ç–≤.
X,Expanse,üü¢ Active,1nTBoVGGfcG9CJqdFy8BtLewF3Cnd7dbPdNyMDwz0Ifo,https://docs.google.com/spreadsheets/d/1nTBoVGGfcG9CJqdFy8BtLewF3Cnd7dbPdNyMDwz0Ifo/edit,"[{""name"":""uuid"",""type"":""string""},{""name"":""xaid"",""type"":""string""},{""name"":""title"",""type"":""jsonb""},{""name"":""status_name"",""type"":""string""},{""name"":""order"",""type"":""integer""},{""name"":""created_at"",""type"":""string""},{""name"":""updated_at"",""type"":""string""},{""name"":""deleted_at"",""type"":""string""},{""name"":""data_in"",""type"":""jsonb""}]","–£–ø—Ä–∞–≤–ª—è–µ—Ç —Ä–∞–±–æ—á–∏–º–∏ –ø—Ä–æ—Å—Ç—Ä–∞–Ω—Å—Ç–≤–∞–º–∏. –ú–µ—Ö–∞–Ω–∏–∑–º —Å–ª–æ–µ–≤ –¥–∞–Ω–Ω—ã—Ö, –ø–æ–∑–≤–æ–ª—è—é—â–∏–π –∏–∑–æ–ª–∏—Ä–æ–≤–∞—Ç—å –∏ –≤–µ—Ä—Å–∏–æ–Ω–∏—Ä–æ–≤–∞—Ç—å –¥–∞–Ω–Ω—ã–µ."
Y,Yield,üü¢ Active,1SBHI2i7iKlSs8n19TL_rcMROrUoaD9SYtktMjyddF-k,https://docs.google.com/spreadsheets/d/1SBHI2i7iKlSs8n19TL_rcMROrUoaD9SYtktMjyddF-k/edit,"[{""name"":""uuid"",""type"":""string""},{""name"":""yaid"",""type"":""string""},{""name"":""parent_yaid"",""type"":""string""},{""name"":""full_yaid"",""type"":""string""},{""name"":""haid"",""type"":""string""},{""name"":""title"",""type"":""jsonb""},{""name"":""status_name"",""type"":""string""},{""name"":""order"",""type"":""integer""},{""name"":""xaid"",""type"":""string""},{""name"":""created_at"",""type"":""string""},{""name"":""updated_at"",""type"":""string""},{""name"":""deleted_at"",""type"":""string""},{""name"":""gin"",""type"":""jsonb""},{""name"":""fts"",""type"":""tsvector""},{""name"":""data_in"",""type"":""jsonb""}]",–°—É—â–Ω–æ—Å—Ç—å –¥–ª—è –≥–µ–π–º–∏—Ñ–∏–∫–∞—Ü–∏–∏ –∏ –ø—Ä–æ–≥—Ä–∞–º–º –ª–æ—è–ª—å–Ω–æ—Å—Ç–∏.
Z,Zoo,üü¢ Active,1R104wdY_hEkLh9uzuWgeiMqHMZwvAFW-1OqdHnARpAk,https://docs.google.com/spreadsheets/d/1R104wdY_hEkLh9uzuWgeiMqHMZwvAFW-1OqdHnARpAk/edit,"[{""name"":""uuid"",""type"":""string""},{""name"":""zaid"",""type"":""string""},{""name"":""parent_zaid"",""type"":""string""},{""name"":""name"",""type"":""jsonb""},{""name"":""birthday"",""type"":""string""},{""name"":""sex"",""type"":""string""},{""name"":""status_name"",""type"":""string""},{""name"":""city_name"",""type"":""string""},{""name"":""order"",""type"":""integer""},{""name"":""xaid"",""type"":""string""},{""name"":""created_at"",""type"":""string""},{""name"":""updated_at"",""type"":""string""},{""name"":""deleted_at"",""type"":""string""},{""name"":""media_id"",""type"":""string""},{""name"":""gin"",""type"":""jsonb""},{""name"":""fts"",""type"":""tsvector""},{""name"":""data_in"",""type"":""jsonb""},{""name"":""data_out"",""type"":""jsonb""}]","–°–ø–µ—Ü–∏–∞–ª–∏–∑–∏—Ä–æ–≤–∞–Ω–Ω—ã–π —Ä–µ–µ—Å—Ç—Ä –¥–ª—è —É—á–µ—Ç–∞ –∂–∏–≤–æ—Ç–Ω—ã—Ö –∏–ª–∏ –¥—Ä—É–≥–∏—Ö —É–Ω–∏–∫–∞–ª—å–Ω—ã—Ö —Å—É—â–Ω–æ—Å—Ç–µ–π, –Ω–µ –≤–ø–∏—Å—ã–≤–∞—é—â–∏—Ö—Å—è –≤ –æ–±—â—É—é —Å—Ç—Ä—É–∫—Ç—É—Ä—É."